{"means": [0.35329302383307337, 701.01872074883, 3445.752111392668, 29.2191887675507, 79.31357254290171, 39.86895475819033, 9.133385335413417, 3.8533541341653668, 59.0990639625585, 83.46255850234009, 0.5098504781006241, 8189.911856474259, 12116.736463363495, 0.27321326559683623], "sds": [2.185839113837834, 3993.092059962745, 3808.21579002441, 87.27281363612569, 152.66441213689185, 64.5364122474417, 7.143841434605073, 5.074824726438753, 76.64239354941512, 130.1752709704774, 0.4535751325604806, 42221.86174258747, 10191.58710828592, 0.3010117847967457], "coefficients": [2.4417589757323244, 0.71399968761664, -0.37781808406459405, -0.040166178129303044, 0.04268778207895701, -0.2962577041966072, 0.02300545110801416, -0.08363174749122776, 0.1472292592886031, 0.22567908185944044, 0.2561211131491872, 0.5038071236953344, 0.12160059944755558, 0.0021455316722329607, 2.04263636946154]}