{"sds": [2.206895228754801, 4031.3689750652243, 3814.4598732909326, 88.03810956047549, 153.760706513321, 64.92719933096132, 7.096294472845471, 5.0955733905163845, 76.94177566118024, 130.92488792862002, 0.45227123835820143, 42623.70488126103, 10146.734454003848, 0.30148970509879947, 6.066726979780796, 10.223250777036325, 5.109321944999397, 4.359648037548501, 8.941655460683934], "means": [0.3603195358424822, 714.9610182975338, 3514.283378524583, 29.800318217979317, 80.89101034208433, 40.66189339697693, 9.315035799522674, 3.929992044550517, 60.2744630071599, 85.12251392203659, 0.5199907024065237, 8352.797931583134, 12357.721675443112, 0.2786471014281177, 2.245680781094324, 6.273083046986713, 4.809955797220821, 3.1912726067790826, 6.6090455897253015], "coefficients": [2.4288895699001314, 0.42420496712593847, -0.36688027547152097, -0.05495026619263228, -0.07146692322786476, 0.42962209515504746, 0.16594093328516366, 0.1130887736852518, 0.13325340689094334, -0.9926016211116885, -0.06747107127993407, 0.46459759033224307, 0.11466274448475991, -0.04814578723306203, 1.9176818817661636, 0.1863678061021063, -0.840872963923633, 1.360861282153777, -0.1339084836752901, 0.3761055665569425]}